,,,,,,,,,,,,,,,,,,,,,,,,,,,,,,,
ACCELEROMETER X (m/s?ý),ACCELEROMETER Y (m/s?ý),,,GRAVITY Y (m/s?ý),,LINEAR ACCELERATION X (m/s?ý),LINEAR ACCELERATION Y (m/s?ý),,,,,LIGHT (lux),MAGNETIC FIELD X (?¬T),,,,ORIENTATION X (pitch ?ø),ORIENTATION Y (roll ?ø),,ATMOSPHERIC PRESSURE (hPa),,,,,,,,,,,Time since start in ms 
0.0445,3.9754,,,2.5659,,0.8052,-1.2746,,,,,24.023,14.99,,,,-19.51,-9.49,,999.81,,,,,,,,,,,6
-0.3191,7.4781,,,6.5493,,-0.8104,-1.113,,,,,28.472,20.93,,,,-41.88,5.05,,999.8,,,,,,,,,,,506
0.6578,8.1561,,,6.6247,,-1.1881,-2.4051,,,,,21.354,13.95,,,,-43.54,-3.94,,999.79,,,,,,,,,,,1006
-0.7464,6.9516,,,6.0159,,0.423,-0.8579,,,,,21.354,22.19,,,,-38.86,0.9,,999.79,,,,,,,,,,,1506
-0.7508,6.0088,,,4.5601,,0.9987,-1.2167,,,,,21.354,18.6,,,,-30.24,-1.05,,999.8,,,,,,,,,,,2006
-1.2243,4.3656,,,4.1853,,-1.1838,-1.2467,,,,,24.913,25.86,,,,-25.62,3.3,,999.78,,,,,,,,,,,2506
-1.8687,6.2684,,,7.3632,,0.857,1.182,,,,,32.921,18.79,,,,-39.78,14.2,,999.73,,,,,,,,,,,3006
22.0487,-1.8907,,,-4.5341,,-13.1496,1.8568,,,,,32.921,-66.86,,,,-34.75,-95.66,,999.68,,,,,,,,,,,3506
13.0007,-1.9805,,,-2.0727,,-2.1092,0.401,,,,,38.259,-59.28,,,,14.53,-81.2,,999.73,,,,,,,,,,,4006
10.7083,-0.0652,,,0.124,,-5.0127,-3.8089,,,,,25.803,-69.18,,,,-0.72,-68.77,,999.74,,,,,,,,,,,4506
5.5001,2.5528,,,0.113,,3.1155,-2.9956,,,,,25.803,-67.02,,,,0.95,-88.26,,999.71,,,,,,,,,,,5006
8.7562,-9.2811,,,-2.1277,,-2.142,4.0437,,,,,1.78,-47.72,,,,12.53,-99.61,,999.67,,,,,,,,,,,5506
2.8892,-8.8593,,,-7.6157,,5.7377,-1.307,,,,,0.001,-23.92,,,,39.48,-81.44,,999.75,,,,,,,,,,,6008
4.0589,-4.5838,,,-6.5635,,3.5169,-3.1118,,,,,0.001,-26.43,,,,46.18,-110.56,,1000.15,,,,,,,,,,,6507
0.3552,-12.2965,,,-9.562,,-7.3123,4.317,,,,,0.001,14.64,,,,77.09,47.75,,999.99,,,,,,,,,,,7007
2.2907,-15.5653,,,-9.2754,,-13.4792,27.7881,,,,,0.001,-8.64,,,,62.97,-163.28,,1000.03,,,,,,,,,,,7507
1.5198,-13.76,,,-9.4368,,-4.456,0.154,,,,,0.001,19.45,,,,83.88,47.42,,999.89,,,,,,,,,,,8008
16.7499,-41.042,,,-9.3296,,-12.3046,22.7527,,,,,0.001,-2.73,,,,75.35,-166.88,,999.82,,,,,,,,,,,8506
1.331,-10.9625,,,-9.6217,,-4.2099,0.0636,,,,,0.001,2.31,,,,88.51,-8.74,,999.8,,,,,,,,,,,9006
-2.854,-2.6763,,,-8.8905,,4.0098,-5.925,,,,,0.001,3.29,,,,80.23,175.19,,999.73,,,,,,,,,,,9507
2.6054,-8.8569,,,-9.7567,,-0.9884,-2.3474,,,,,0.001,11.64,,,,87.06,-151.16,,999.87,,,,,,,,,,,10007
1.6388,-10.3889,,,-8.8638,,2.1611,-3.6916,,,,,0.001,-0.44,,,,76.14,-173.05,,999.61,,,,,,,,,,,10507
-0.1514,-7.7659,,,-9.7732,,-0.6894,3.069,,,,,0.001,-13.1,,,,73.36,-158.99,,999.8,,,,,,,,,,,11006
-1.1389,-13.3665,,,-9.7698,,1.6004,1.2679,,,,,0.001,2.4,,,,84.81,102.53,,999.83,,,,,,,,,,,11507
-2.2302,-9.3671,,,-9.3465,,0.4808,-0.2567,,,,,0.001,4.58,,,,73.15,150.58,,999.69,,,,,,,,,,,12006
-2.2213,-9.5211,,,-9.4722,,-1.9566,1.1831,,,,,0.001,-1.02,,,,74.92,158.38,,1000.07,,,,,,,,,,,12506
2.958,-12.0604,,,-9.38,,-3.4073,4.2898,,,,,0.001,13.12,,,,72.97,59.01,,999.78,,,,,,,,,,,13006
1.1483,-8.6085,,,-9.3424,,-2.6932,3.904,,,,,0.001,3.06,,,,63.55,-159.57,,999.8,,,,,,,,,,,13507
2.028,-9.0347,,,-9.6849,,-3.3273,1.2374,,,,,0.001,12.64,,,,85.78,-64.52,,999.75,,,,,,,,,,,14006
-2.1806,-3.4259,,,-8.5395,,5.0797,-7.2154,,,,,0.001,-11.13,,,,70,-156.7,,999.68,,,,,,,,,,,14506
2.183,-8.3695,,,-9.803,,-2.7668,-0.451,,,,,0.001,-17.4,,,,87.84,-3.86,,999.84,,,,,,,,,,,15006
1.753,-8.3395,,,-8.8843,,-0.5517,-0.5429,,,,,0.001,-33.08,,,,64.91,-156.8,,999.56,,,,,,,,,,,15507
0.3752,-7.9379,,,-9.7618,,-0.1535,-2.2096,,,,,0.001,-35.48,,,,72.24,-156.38,,999.74,,,,,,,,,,,16007
-2.8216,-13.6178,,,-9.4782,,-0.1625,3.7308,,,,,0.001,-44.16,,,,77.96,50.89,,999.61,,,,,,,,,,,16507
-2.6244,-6.492,,,-9.2664,,4.905,9.4241,,,,,0.001,-15.08,,,,69.37,-158.66,,999.88,,,,,,,,,,,17007
3.4025,-12.2376,,,-9.7877,,-2.3582,-0.0427,,,,,0.001,-14.42,,,,86.14,111.54,,999.87,,,,,,,,,,,17507
-0.5625,-10.0459,,,-9.3761,,1.355,0.5089,,,,,0.001,-12.53,,,,70.16,-170.38,,999.7,,,,,,,,,,,18006
-0.6184,-9.081,,,-9.1288,,0.2563,-0.2145,,,,,0.001,-11.92,,,,69.7,-178.28,,999.84,,,,,,,,,,,18507
-1.6146,-9.3799,,,-8.9663,,0.0504,-2.286,,,,,0.001,-12.72,,,,66.06,169.78,,999.91,,,,,,,,,,,19006
1.6087,-10.2013,,,-9.7382,,-1.1882,0.0187,,,,,0.001,-9.09,,,,83.06,20.95,,999.7,,,,,,,,,,,19507
1.319,-9.8667,,,-9.4947,,1.939,-2.2153,,,,,0.001,-16.67,,,,75.43,-161.16,,999.52,,,,,,,,,,,20006
0.8717,-8.1997,,,-9.3936,,-2.7737,6.3249,,,,,0.001,-18.15,,,,72.59,-119.56,,999.79,,,,,,,,,,,20506
-1.9632,-9.9014,,,-9.715,,2.7449,1.202,,,,,0.001,-11.46,,,,81.99,-105.14,,999.77,,,,,,,,,,,21009
-0.6744,-9.8739,,,-9.5521,,0.6584,-1.715,,,,,0.001,-0.33,,,,79.43,153.96,,999.82,,,,,,,,,,,21506
-0.7261,-10.1846,,,-9.7487,,-0.4047,0.3509,,,,,0.001,0.29,,,,83.17,87.97,,999.74,,,,,,,,,,,22007
-0.9665,-9.7902,,,-9.7706,,-4.00E-04,-0.0229,,,,,0.001,1.88,,,,84.86,80.97,,999.71,,,,,,,,,,,22506
-0.8811,-9.9716,,,-9.7871,,0.3672,-0.2754,,,,,0.001,0.58,,,,85.86,66.76,,999.73,,,,,,,,,,,23006
-0.0069,-9.8763,,,-9.8097,,-0.0959,0.15,,,,,0.001,0.76,,,,86.95,36.89,,999.72,,,,,,,,,,,23507
0.3663,-9.7043,,,-9.5389,,-1.6908,0.2782,,,,,0.001,-1.57,,,,76.5,165.07,,999.69,,,,,,,,,,,24006
0.4004,-9.2049,,,-9.0678,,1.8995,-0.5042,,,,,0.001,-8.97,,,,67.89,-164.4,,999.78,,,,,,,,,,,24507
0.3112,-11.05,,,-9.8011,,0.5834,1.5114,,,,,0.001,0.16,,,,80.01,-149.32,,999.69,,,,,,,,,,,25006
-3.8523,-16.5614,,,-6.1994,,0.6437,0.2567,,,,,0.001,2.89,,,,78.87,52.9,,999.55,,,,,,,,,,,25506
0.9316,-11.8479,,,-8.4087,,-0.3995,1.0987,,,,,0.001,-7.91,,,,59,-159.21,,999.68,,,,,,,,,,,26007
0.5428,-16.504,,,-9.7193,,-3.9854,3.7917,,,,,0.001,-18.17,,,,82.2,53.98,,999.43,,,,,,,,,,,26507
0.5727,-14.6119,,,-7.2134,,1.527,5.3765,,,,,0.001,-24.79,,,,47.33,-171.27,,1000.16,,,,,,,,,,,27006
-3.7631,-16.3426,,,-9.6113,,1.956,7.7843,,,,,0.001,-19.03,,,,78.45,56.57,,999.59,,,,,,,,,,,27507
1.2216,-5.1273,,,-6.6194,,4.7257,3.7629,,,,,0.001,-19.72,,,,42.44,-178.69,,1000.04,,,,,,,,,,,28006
-1.3452,-15.0279,,,-9.6326,,-4.9584,3.2591,,,,,0.001,-14.44,,,,87.38,107.13,,999.64,,,,,,,,,,,28507
-2.1135,-0.2863,,,-6.1516,,2.1754,-4.7393,,,,,0.001,-5.79,,,,38.83,174.55,,999.97,,,,,,,,,,,29007
-0.3846,-8.9167,,,-9.7367,,-3.1915,1.909,,,,,0.001,-8.7,,,,82.99,66.37,,999.54,,,,,,,,,,,29506
-1.4065,-5.2301,,,-6.9618,,1.4009,-3.433,,,,,0.001,-0.9,,,,66.75,-172.56,,999.81,,,,,,,,,,,30007
3.6357,-9.1688,,,-9.8001,,-3.1106,-1.6021,,,,,0.001,-9.16,,,,53.46,-175.06,,999.59,,,,,,,,,,,30506
4.297,-14.3981,,,-7.9564,,4.319,2.0661,,,,,0.001,-8.66,,,,82.37,153.61,,999.5,,,,,,,,,,,31006
0.2716,-11.9336,,,-8.5692,,0.586,3.6205,,,,,0.001,-26.63,,,,45.6,-174.22,,1000.15,,,,,,,,,,,31506
2.2718,-11.5755,,,-9.7203,,-2.2453,1.1248,,,,,0.001,-7.86,,,,79.66,-24.33,,999.37,,,,,,,,,,,32006
-2.663,-6.2064,,,-9.4053,,2.0472,-2.2771,,,,,0.001,-20.21,,,,66.56,-162.57,,999.58,,,,,,,,,,,32507
2.3354,-10.0304,,,-9.6915,,-2.9499,-0.1994,,,,,0.001,-2.18,,,,81.33,-76.28,,999.59,,,,,,,,,,,33006
1.4413,-16.272,,,-9.7755,,3.2467,1.5739,,,,,0.001,-4.38,,,,85.19,23.27,,999.49,,,,,,,,,,,33507
-1.224,-15.0362,,,-7.8128,,0.735,1.5396,,,,,0.001,-16.14,,,,52.79,-171.22,,999.74,,,,,,,,,,,34006
-1.1492,-15.5204,,,-9.6092,,0.9959,7.8703,,,,,0.001,-6.95,,,,82.94,15.61,,999.24,,,,,,,,,,,34507
-2.404,-5.1518,,,-7.2007,,0.4435,-3.3523,,,,,0.001,-25.82,,,,47.22,177.38,,1000.07,,,,,,,,,,,35006
1.246,-10.4569,,,-9.6347,,-1.8295,2.3149,,,,,0.001,-16.4,,,,79.15,22.51,,999.42,,,,,,,,,,,35507
-0.7183,-4.9981,,,-6.9591,,0.8157,-3.0515,,,,,0.001,-42.02,,,,45.19,176.08,,999.64,,,,,,,,,,,36006
2.1616,-9.5329,,,-9.7446,,-1.7122,-0.2038,,,,,0.001,-38.76,,,,67.94,-165.6,,999.52,,,,,,,,,,,36508
-0.2755,-11.1397,,,-9.0888,,0.0914,-2.4065,,,,,0.001,-30.44,,,,67.89,-178.81,,999.35,,,,,,,,,,,37006
-0.7187,-10.0289,,,-9.1856,,-0.4107,1.9717,,,,,0.001,-24.21,,,,69.45,-172.61,,999.43,,,,,,,,,,,37507
-1.9838,-15.095,,,-9.6612,,1.0359,5.3668,,,,,0.001,-11.92,,,,79.58,47.74,,999.23,,,,,,,,,,,38007
-2.4055,-5.4375,,,-6.9621,,0.5371,-3.1339,,,,,0.001,-14.89,,,,40.57,168.87,,999.78,,,,,,,,,,,38507
2.7742,-8.5063,,,-9.7602,,-2.4373,-1.5415,,,,,0.001,2.54,,,,79,-148.56,,999.09,,,,,,,,,,,39007
-3.2878,-5.0647,,,-9.0265,,0.2617,-4.0544,,,,,0.001,20.73,,,,82.79,146.45,,999.19,,,,,,,,,,,39507
1.603,-10.9312,,,-9.6599,,-4.7073,2.1028,,,,,0.001,18.22,,,,78.57,95.08,,999.36,,,,,,,,,,,40007
-0.6846,-9.2057,,,-9.616,,-1.386,-0.3285,,,,,0.001,-0.58,,,,81.33,68.12,,999.33,,,,,,,,,,,40506
-1.2058,-4.3624,,,-8.607,,-0.0682,-1.1063,,,,,0.001,21.55,,,,61.33,177.88,,999.3,,,,,,,,,,,41006
1.7857,-9.53,,,-9.6422,,-1.2913,-2.6954,,,,,0.001,14.77,,,,79.39,174.89,,999.27,,,,,,,,,,,41508
-0.8914,-3.8443,,,-7.9895,,1.3903,-5.8725,,,,,0.001,13.57,,,,58.87,178.09,,999.18,,,,,,,,,,,42007
2.715,-8.9578,,,-9.7055,,-2.453,-0.8378,,,,,0.001,13.28,,,,81.63,-169.65,,999.41,,,,,,,,,,,42507
-2.2287,-1.6834,,,-8.8139,,-0.4731,-2.264,,,,,0.001,21.96,,,,54.21,-179.57,,999.29,,,,,,,,,,,43008
0.8561,-7.6275,,,-9.7276,,-0.9951,-2.653,,,,,0.001,23.47,,,,78.55,169.64,,999.35,,,,,,,,,,,43506
-0.1767,-5.6247,,,-9.4256,,-0.9719,-3.7301,,,,,0.001,22.77,,,,55.56,169.71,,999.34,,,,,,,,,,,44007
0.6848,-7.4856,,,-9.7377,,-0.8459,-1.5825,,,,,0.001,14.74,,,,83.04,148.79,,999.44,,,,,,,,,,,44507
0.5517,-12.1373,,,-9.6245,,2.527,-2.1126,,,,,0.001,2.71,,,,64.9,174.31,,999.41,,,,,,,,,,,45007
0.6512,-13.5239,,,-9.2315,,-1.9106,5.4367,,,,,0.001,-7.44,,,,79.35,159.98,,999.49,,,,,,,,,,,45507
-1.1607,-16.2897,,,-9.5457,,-3.0184,2.3454,,,,,0.001,-14.12,,,,76.67,-178.89,,999.62,,,,,,,,,,,46007
2.2496,-14.6148,,,-9.5628,,-4.8249,1.9536,,,,,0.001,0.64,,,,83.03,91.49,,999.66,,,,,,,,,,,46506
4.4721,-9.0196,,,-9.4558,,-4.8647,-0.4089,,,,,0.001,10.62,,,,74.56,-176.35,,999.55,,,,,,,,,,,47006
2.3632,-9.5333,,,-9.7617,,-0.0626,-0.4154,,,,,0.001,29.79,,,,80.05,179.31,,999.54,,,,,,,,,,,47506
0.2731,-11.8108,,,-9.1861,,-3.0665,3.6136,,,,,0.001,32.57,,,,81.06,85.42,,999.48,,,,,,,,,,,48007
0.5365,-9.7999,,,-9.5686,,1.6312,-1.4873,,,,,0.001,12.3,,,,77.26,-148.92,,999.41,,,,,,,,,,,48506
1.886,-7.8338,,,-9.722,,-1.192,-1.9582,,,,,0.001,3.91,,,,82.32,-144.37,,999.63,,,,,,,,,,,49006
0.2535,-8.2048,,,-9.6218,,0.1719,3.8739,,,,,0.001,3.19,,,,78.76,-164.34,,999.57,,,,,,,,,,,49507
-1.7097,-8.0037,,,-9.6894,,2.6778,-1.5833,,,,,0.001,9.09,,,,78.39,-149.07,,999.7,,,,,,,,,,,50007
2.196,-13.1731,,,-9.7705,,-0.421,3.2469,,,,,0.001,7.35,,,,80.83,-172.69,,999.71,,,,,,,,,,,50506
1.2405,-2.5118,,,-8.4055,,1.833,-7.7309,,,,,0.001,4.43,,,,58.96,-177.1,,999.52,,,,,,,,,,,51006
-0.6968,-7.615,,,-9.7029,,0.8882,-2.5895,,,,,0.001,3.14,,,,80.74,174.84,,999.47,,,,,,,,,,,51507
-0.092,-23.9962,,,-9.76,,-5.2863,28.4126,,,,,0.001,-25.6,,,,84.21,-139.29,,999.88,,,,,,,,,,,52006
-1.9194,-2.4011,,,-9.1189,,1.2794,-5.8758,,,,,0.001,-32.8,,,,68.36,-172.24,,999.77,,,,,,,,,,,52507
0.1954,-8.2607,,,-9.7836,,-0.8041,-1.8918,,,,,0.001,-14.21,,,,75.07,-172.6,,999.72,,,,,,,,,,,53006
-0.3288,-7.4694,,,-9.1377,,0.6521,-2.2011,,,,,0.001,-11.27,,,,68.67,-173.4,,999.68,,,,,,,,,,,53507
1.8408,-9.8896,,,-9.7584,,-0.8038,0.5073,,,,,0.001,-23.58,,,,77.36,-166.09,,999.65,,,,,,,,,,,54006
1.8716,-12.5999,,,-9.5463,,-3.6861,3.0221,,,,,0.001,-17.01,,,,76.75,45.45,,999.66,,,,,,,,,,,54507
-1.8521,-3.4994,,,-9.5107,,-0.4057,-1.0524,,,,,0.001,12.26,,,,62.71,-168.93,,999.64,,,,,,,,,,,55006
3.0986,-9.4895,,,-9.6596,,-0.4641,-2.5471,,,,,0.001,3.45,,,,78.65,-156.97,,999.85,,,,,,,,,,,55507
-0.8367,-5.3044,,,-9.5232,,-0.9067,-1.0184,,,,,0.001,0.74,,,,76.11,-177.08,,999.7,,,,,,,,,,,56007
-0.2344,-8.1875,,,-9.5936,,-1.3824,7.1997,,,,,0.001,-0.6,,,,77.94,-166.69,,999.85,,,,,,,,,,,56507
3.4141,-14.3206,,,-9.7627,,6.2012,3.1826,,,,,0.001,5.93,,,,84.37,-141.71,,999.85,,,,,,,,,,,57007
0.366,-6.1586,,,-8.1042,,-0.0987,-4.0576,,,,,0.001,6.41,,,,55.7,-175.84,,1000.16,,,,,,,,,,,57507
0.6227,-7.3826,,,-9.7608,,0.2536,-1.1752,,,,,0.001,0.11,,,,84.26,-165.73,,999.7,,,,,,,,,,,58006
-0.5833,-12.052,,,-9.7464,,0.8881,3.6503,,,,,0.001,-12.08,,,,83.47,161.09,,999.74,,,,,,,,,,,58506
0.2594,-15.5241,,,-9.5381,,1.4938,7.7455,,,,,0.001,-15.68,,,,76.48,-176.22,,999.92,,,,,,,,,,,59007
-0.0532,-16.2327,,,-9.4754,,-1.1336,8.917,,,,,0.001,-9.72,,,,74.99,-171.83,,999.98,,,,,,,,,,,59506
-1.1274,-12.1443,,,-9.5574,,-4.8081,4.2878,,,,,0.001,-5.2,,,,77.36,66.08,,999.95,,,,,,,,,,,60006
1.098,-9.1987,,,-9.5315,,-1.2559,-1.7759,,,,,0.001,0.15,,,,77.57,176.36,,999.99,,,,,,,,,,,60507
-0.3432,-9.7498,,,-9.6915,,-0.2203,0.6217,,,,,0.001,10.69,,,,84.31,41.84,,999.86,,,,,,,,,,,61006
0.9745,-13.3157,,,-9.1417,,0.102,2.8813,,,,,0.001,33.34,,,,82.9,89.47,,999.96,,,,,,,,,,,61506
1.9429,-16.6217,,,-9.7155,,-0.9134,10.6848,,,,,0.001,11.24,,,,79.5,-171.78,,999.82,,,,,,,,,,,62007
1.9688,-9.4947,,,-8.3602,,1.4172,6.4871,,,,,0.001,10.31,,,,80.2,172.93,,1000.09,,,,,,,,,,,62507
-1.4833,-9.017,,,-9.6855,,-4.5913,8.0527,,,,,0.001,11.81,,,,85.47,172.59,,1000.12,,,,,,,,,,,63007
-0.496,-16.8563,,,-8.6861,,-1.1004,5.543,,,,,0.001,12.02,,,,62.31,179.83,,1000.29,,,,,,,,,,,63506
1.6581,-14.6799,,,-9.6774,,-2.3123,-1.3181,,,,,0.001,7.98,,,,80.57,-160.83,,1000.14,,,,,,,,,,,64006
-2.1122,-0.8266,,,-8.8385,,1.5464,-4.1425,,,,,0.001,12.44,,,,59.68,-178.1,,1000.28,,,,,,,,,,,64507
0.424,-7.0561,,,-9.7425,,-1.2876,-2.0054,,,,,0.001,13.64,,,,83.28,-179.4,,999.93,,,,,,,,,,,65007
-1.0494,-10.6853,,,-9.7713,,-0.4573,2.2982,,,,,0.001,11.82,,,,72.04,179.18,,999.9,,,,,,,,,,,65507
-0.1616,-14.0283,,,-9.5683,,-0.5971,4.0395,,,,,0.001,-2.01,,,,83.97,-168.91,,1000.16,,,,,,,,,,,66007
0.4729,-8.425,,,-9.6433,,5.3159,2.2487,,,,,0.001,-13.49,,,,77.82,155.94,,1000.06,,,,,,,,,,,66507
1.3196,-14.3324,,,-9.6186,,-3.548,4.2945,,,,,0.001,-3.76,,,,78.66,84.15,,1000.18,,,,,,,,,,,67007
2.6709,-10.8581,,,-9.5549,,-3.6772,3.5585,,,,,0.001,-15.7,,,,75.77,172.25,,1000.12,,,,,,,,,,,67507
0.4259,-10.3771,,,-9.5685,,-2.1924,0.8947,,,,,0.001,-14.27,,,,82.18,44.16,,1000.06,,,,,,,,,,,68007
-2.6741,-0.7167,,,-8.4099,,2.7543,-7.5729,,,,,0.001,-20.5,,,,62.78,-178.86,,1000.24,,,,,,,,,,,68507
2.9562,-8.4552,,,-9.6748,,-4.6532,-0.6039,,,,,0.001,11.88,,,,76.96,172.59,,1000.06,,,,,,,,,,,69007
-1.6701,-1.9731,,,-9.3663,,1.3315,-8.2088,,,,,0.001,-16.08,,,,53.42,-178.74,,1000.33,,,,,,,,,,,69506
1.2578,-7.2653,,,-9.6783,,-1.8464,-0.6938,,,,,0.001,2.01,,,,81.41,-155.17,,1000.01,,,,,,,,,,,70007
-0.4804,-10.13,,,-9.7293,,1.2542,-0.4718,,,,,0.001,6.72,,,,82.65,177.84,,1000.04,,,,,,,,,,,70506
-1.1492,-11.6144,,,-9.3966,,-0.3199,4.6374,,,,,0.001,-1.61,,,,73.31,-170.77,,1000.33,,,,,,,,,,,71006
-0.1131,-15.0619,,,-9.6593,,0.3598,6.0881,,,,,0.001,-2.98,,,,83.83,168.27,,1000.15,,,,,,,,,,,71506
0.0863,-3.6991,,,-8.5936,,1.9117,-5.4607,,,,,0.001,-6.02,,,,61.16,-174.74,,1000.36,,,,,,,,,,,72006
4.0619,-8.3107,,,-9.7438,,-1.9229,-3.0123,,,,,0.001,-7.3,,,,83.34,-162.25,,1000.21,,,,,,,,,,,72507
-0.5359,-8.3706,,,-9.6151,,-0.4309,-1.1655,,,,,0.001,-6.09,,,,63.98,-177.08,,1000.33,,,,,,,,,,,73007
0.6704,-9.5017,,,-9.6604,,-5.1173,3.899,,,,,0.001,-1.72,,,,79.98,56.43,,1000.45,,,,,,,,,,,73507
-3.4428,-8.7155,,,-9.4845,,1.1069,2.2308,,,,,0.001,21.57,,,,68,170.29,,1000.47,,,,,,,,,,,74006
-1.3797,-8.9531,,,-9.7512,,0.2808,-0.7946,,,,,0.001,15.8,,,,81.33,152.53,,1000.32,,,,,,,,,,,74507
-1.8325,-11.4596,,,-9.2429,,1.3335,2.6116,,,,,0.001,-6.31,,,,81.9,89.81,,1000.29,,,,,,,,,,,75006
-1.9893,-7.3422,,,-9.7019,,0.5739,-1.1955,,,,,0.001,-10.43,,,,77.78,-169.86,,1000.31,,,,,,,,,,,75507
1.8098,-8.5324,,,-9.7768,,-1.6038,-1.5176,,,,,0.001,-2.58,,,,85,-147.19,,1000.34,,,,,,,,,,,76007
-1.0938,-12.3645,,,-9.7889,,1.7424,2.1508,,,,,0.001,12.63,,,,74.22,-178.28,,1000.28,,,,,,,,,,,76506
-0.0761,-12.8223,,,-9.5577,,-0.3966,-1.8528,,,,,0.001,12.92,,,,83.75,-162.65,,1000.46,,,,,,,,,,,77007
-0.0317,-13.1551,,,-9.7396,,-2.0929,4.1315,,,,,0.001,11.17,,,,63.78,-178.02,,1000.34,,,,,,,,,,,77506
1.2701,-9.8539,,,-9.6277,,0.2432,6.9152,,,,,0.001,9.49,,,,78.94,-171.58,,1000.43,,,,,,,,,,,78006
0.9416,-11.086,,,-9.7674,,0.3094,9.4541,,,,,0.001,12.09,,,,84.66,-170.21,,1000.4,,,,,,,,,,,78507
-0.5219,-11.6122,,,-8.2599,,1.2073,3.4539,,,,,0.001,6.85,,,,57.35,-174.64,,1000.5,,,,,,,,,,,79006
0.808,-10.2815,,,-9.5564,,-2.0791,0.5443,,,,,0.001,5.7,,,,84.47,-161.62,,1000.49,,,,,,,,,,,79508
0.1233,-8.4993,,,-8.5076,,1.7039,-3.3502,,,,,0.001,-10.69,,,,73.72,176.32,,1000.69,,,,,,,,,,,80006
0.0959,-17.4155,,,-9.5732,,4.2434,9.3234,,,,,0.001,-21.14,,,,77.1,179.09,,1000.63,,,,,,,,,,,80506
-1.0804,-11.3857,,,-9.4832,,2.7182,2.3081,,,,,0.001,6.25,,,,83.07,-134.09,,1000.74,,,,,,,,,,,81006
0.5735,-8.3556,,,-9.3641,,-0.9537,-2.186,,,,,0.001,7.79,,,,72.66,170.98,,1000.76,,,,,,,,,,,81506
1.3692,-9.1174,,,-9.7985,,-1.1592,-1.0554,,,,,0.001,0.95,,,,87.23,-71.49,,1000.56,,,,,,,,,,,82007
1.9818,-10.8735,,,-8.4456,,1.8173,2.0454,,,,,0.001,-17.61,,,,85.84,113.57,,1000.49,,,,,,,,,,,82507
1.5475,-10.1341,,,-9.4679,,0.8333,-0.4744,,,,,0.001,-27.97,,,,74.82,-156.97,,1000.55,,,,,,,,,,,83007
1.0196,-10.9298,,,-8.7294,,-1.2591,1.2847,,,,,0.001,-25.93,,,,83.79,42.18,,1000.26,,,,,,,,,,,83506
1.4987,-10.1797,,,-9.4043,,0.2628,1.2155,,,,,0.001,-23.24,,,,56.22,-175.41,,1000.63,,,,,,,,,,,84006
-6.5638,-16.6338,,,-9.2115,,-1.6371,3.6674,,,,,0.001,-19,,,,79.44,49.94,,1000.42,,,,,,,,,,,84507
-2.8306,-6.5664,,,-8.7815,,5.1278,0.2167,,,,,0.001,-19,,,,47.39,174.77,,1001.08,,,,,,,,,,,85006
1.1905,-14.1114,,,-9.5139,,4.3992,7.3355,,,,,0.001,-14.09,,,,75.89,41.61,,1000.3,,,,,,,,,,,85507
-0.9735,-2.2268,,,-6.5882,,3.847,0.7534,,,,,0.001,-15.29,,,,43.08,175,,1000.55,,,,,,,,,,,86006
0.5313,-10.9103,,,-9.5585,,-3.7283,4.4441,,,,,0.001,-9.53,,,,77,37.6,,1000.16,,,,,,,,,,,86507
-2.8757,-0.1891,,,-6.115,,-0.7674,-2.7499,,,,,0.001,-4.42,,,,53.27,178.16,,1000.86,,,,,,,,,,,87006
2.9991,-7.7827,,,-9.807,,-3.0439,-2.3135,,,,,0.001,-8,,,,88.57,1.42,,1000.29,,,,,,,,,,,87506
-8.0306,-8.9163,,,-9.6181,,5.2848,-0.1717,,,,,0.001,-8.9,,,,78.65,123.02,,1000.25,,,,,,,,,,,88006
-7.4579,-9.4024,,,-8.9703,,6.1189,3.109,,,,,0.001,-37.29,,,,58.46,178.07,,1000.62,,,,,,,,,,,88507
1.822,-13.7349,,,-9.4743,,-1.4587,5.0149,,,,,0.001,-0.2,,,,79.24,-25.41,,1000.41,,,,,,,,,,,89006
-3.8227,1.4001,,,-5.8079,,3.568,-8.1511,,,,,0.001,-6.33,,,,78.26,172.56,,1000.72,,,,,,,,,,,89507
1.3174,-8.5126,,,-9.7627,,-2.5246,-2.4148,,,,,0.001,0.23,,,,82.44,-178.16,,1000.13,,,,,,,,,,,90007
-3.7003,-0.409,,,-5.912,,0.1877,-3.3316,,,,,0.001,-2.66,,,,37.06,170.73,,1000.2,,,,,,,,,,,90508
0.8324,-7.7103,,,-9.8009,,-1.3643,-2.3794,,,,,0.001,-4.03,,,,77.11,-158.47,,1000.07,,,,,,,,,,,91007
0.1795,-3.7825,,,-6.9661,,-0.9418,-2.8404,,,,,0.001,-6.54,,,,66.28,-178.25,,1000.24,,,,,,,,,,,91506
-0.1519,-10.0639,,,-9.7865,,-3.2426,1.3584,,,,,0.001,-10.74,,,,68,-167.63,,1000.03,,,,,,,,,,,92006
1.0621,-15.4704,,,-8.0691,,0.6323,4.0913,,,,,0.001,-6.64,,,,81.78,161.55,,999.95,,,,,,,,,,,92507
-1.3527,-9.484,,,-8.5921,,-2.6221,1.6771,,,,,0.001,-4.92,,,,61.15,-176.24,,1000.64,,,,,,,,,,,93007
-4.2733,-15.0402,,,-9.6211,,-2.102,6.458,,,,,0.001,3.64,,,,78.74,62.25,,999.95,,,,,,,,,,,93506
-0.1124,-14.7505,,,-7.5263,,0.2351,4.3373,,,,,0.001,4.54,,,,38.93,164.98,,1000.5,,,,,,,,,,,94007
1.6359,-10.4216,,,-9.7908,,-2.4381,0.6383,,,,,0.001,9.34,,,,88.17,135.77,,1000.17,,,,,,,,,,,94506
-2.5602,-5.874,,,-9.1011,,-0.1102,-1.1406,,,,,0.001,16.47,,,,68.08,159.45,,1000.08,,,,,,,,,,,95006
1.2097,-10.8,,,-9.744,,-5.3507,5.1146,,,,,0.001,14.29,,,,83.35,-166.84,,1000.13,,,,,,,,,,,95507
-1.6775,-13.0756,,,-9.7234,,0.162,1.3678,,,,,0.001,11.45,,,,77.39,26.1,,1000.16,,,,,,,,,,,96006
-0.2145,-12.0785,,,-9.4108,,-0.6885,-0.7744,,,,,0.001,2.8,,,,66.43,168.79,,1000.29,,,,,,,,,,,96507
-1.0179,-12.5936,,,-9.6053,,0.7729,4.4038,,,,,0.001,-11.02,,,,78.27,13.43,,1000.12,,,,,,,,,,,97006
-1.3915,-0.0824,,,-6.3132,,1.5961,-6.6351,,,,,0.001,-23.16,,,,40.06,176.06,,1000.33,,,,,,,,,,,97507
0.6852,-9.1443,,,-9.7749,,-0.7733,-1.2988,,,,,0.001,-31.32,,,,62.79,-161.42,,1000.19,,,,,,,,,,,98007
0.6301,-5.278,,,-7.2686,,-0.7404,-3.1432,,,,,0.001,-37.89,,,,74.55,-163.75,,999.87,,,,,,,,,,,98507
2.5848,-9.1071,,,-9.7615,,-2.4486,0.157,,,,,0.001,-45.77,,,,68.56,-168.19,,1000.16,,,,,,,,,,,99007
-0.9669,-12.8385,,,-8.9066,,0.3537,1.2391,,,,,0.001,-22.05,,,,81.41,91.42,,999.82,,,,,,,,,,,99506
-3.411,-5.6758,,,-6.8982,,1.7705,3.0402,,,,,0.001,-19.75,,,,44.68,168.11,,1000.47,,,,,,,,,,,100006
0.2346,-6.4586,,,-9.7704,,-2.6332,5.4125,,,,,0.001,-24.19,,,,84.85,32.98,,999.75,,,,,,,,,,,100507
-0.7101,-2.2743,,,-6.5995,,-0.3228,-6.6702,,,,,0.001,-19.82,,,,61.91,176.8,,999.74,,,,,,,,,,,101006
0.2983,-6.4013,,,-9.7539,,-1.5728,-2.448,,,,,0.001,-26.84,,,,81.85,-163.29,,999.62,,,,,,,,,,,101507
-0.5359,-4.7253,,,-6.6733,,0.7707,-2.7521,,,,,0.001,-26.14,,,,42.86,-177.49,,999.91,,,,,,,,,,,102006
3.8388,-9.9517,,,-9.5166,,-0.4886,-1.4287,,,,,0.001,-12.23,,,,75.95,-122.43,,999.67,,,,,,,,,,,102507
-1.6461,-16.9901,,,-9.8,,-1.6561,8.6742,,,,,0.001,-1.6,,,,81.48,-135.84,,999.84,,,,,,,,,,,103006
2.6924,-12.4068,,,-9.6718,,-4.4416,3.1154,,,,,0.001,21.04,,,,72.12,160.72,,999.71,,,,,,,,,,,103507
0.114,-9.0325,,,-9.3851,,-3.1445,-1.613,,,,,0.001,13.77,,,,73.08,51.05,,999.96,,,,,,,,,,,104007
0.0726,-7.4521,,,-6.69,,-0.1327,-4.5541,,,,,0.001,-10.02,,,,72.7,151.59,,999.92,,,,,,,,,,,104507
1.6618,-13.3308,,,-9.2673,,-1.0288,4.2977,,,,,0.001,-18.83,,,,41.04,176.25,,1000.5,,,,,,,,,,,105007
-1.7781,-14.6016,,,-9.3698,,-1.9449,6.806,,,,,0.001,-7.24,,,,77.39,35.4,,999.82,,,,,,,,,,,105507
-2.491,-8.0871,,,-9.0944,,1.9226,5.7351,,,,,0.001,-13.85,,,,52.16,179.18,,1000.08,,,,,,,,,,,106006
-3.6721,-16.6346,,,-9.7136,,-3.0323,7.2258,,,,,0.001,-4.64,,,,75.26,40.14,,999.86,,,,,,,,,,,106506
-3.9973,-7.5797,,,-8.9462,,-0.0073,4.8627,,,,,0.001,-14.37,,,,40.93,170.86,,1000.21,,,,,,,,,,,107006
0.4899,-13.1852,,,-9.482,,3.801,6.3902,,,,,0.001,-8.83,,,,75.14,40.78,,999.76,,,,,,,,,,,107507
-0.6569,-1.6896,,,-6.6679,,-2.0675,-4.4896,,,,,0.001,-5.05,,,,42.82,170,,999.89,,,,,,,,,,,108007
0.1847,-9.4991,,,-9.5628,,-2.9041,5.4464,,,,,0.001,-1.64,,,,87.88,68.65,,999.68,,,,,,,,,,,108507
-1.8484,-3.5605,,,-6.5092,,1.409,-3.9237,,,,,0.001,-5.11,,,,60.32,174.77,,999.81,,,,,,,,,,,109006
3.0901,-8.2754,,,-9.7951,,-2.4086,-2.1067,,,,,0.001,-5.84,,,,86.84,-178.83,,999.46,,,,,,,,,,,109507
2.5674,-11.096,,,-8.391,,-0.7434,-3.1266,,,,,0.001,-7.32,,,,84.24,94,,999.59,,,,,,,,,,,110006
-1.6561,-8.1552,,,-7.8015,,0.3876,2.1881,,,,,0.001,-6.16,,,,52.68,178.15,,1000.11,,,,,,,,,,,110506
-0.0842,-11.4824,,,-9.231,,-2.0517,2.1392,,,,,0.001,17.3,,,,75.9,38.57,,999.25,,,,,,,,,,,111007
-2.5054,-4.583,,,-9.0493,,2.5454,-3.9369,,,,,0.001,4.71,,,,66.11,-178.25,,999.55,,,,,,,,,,,111506
2.5733,-9.8377,,,-9.7056,,-1.1936,-0.4404,,,,,0.001,-2.52,,,,81.63,-127.05,,999.7,,,,,,,,,,,112006
-0.5589,-9.7616,,,-9.7912,,-0.2671,-0.2328,,,,,0.001,-5.13,,,,89.73,134.7,,999.63,,,,,,,,,,,112507
-1.2861,-8.089,,,-9.2757,,0.3089,-1.249,,,,,0.001,-3.41,,,,70.82,174.22,,999.62,,,,,,,,,,,113006
1.9648,-9.1516,,,-9.5136,,-2.8114,0.5098,,,,,0.001,-3.97,,,,76.89,-174.32,,999.79,,,,,,,,,,,113507
1.89,-9.6848,,,-9.7712,,-1.6988,-0.2101,,,,,0.001,-1.37,,,,81.85,-155.59,,999.77,,,,,,,,,,,114006
-0.459,-9.8171,,,-9.5233,,-1.8682,0.065,,,,,0.001,4.16,,,,79.46,56.28,,999.8,,,,,,,,,,,114506
-3.7076,-12.0902,,,-9.5971,,2.9322,0.4114,,,,,0.001,3.7,,,,68.98,60.16,,999.73,,,,,,,,,,,115007
-2.3519,-10.4749,,,-9.3395,,-0.4181,3.2369,,,,,0.001,7.2,,,,72.18,176.41,,999.82,,,,,,,,,,,115507
1.0721,-9.7701,,,-9.6953,,-3.6548,0.1639,,,,,0.001,5.09,,,,87.28,-20.53,,999.63,,,,,,,,,,,116006
-1.531,-6.9631,,,-9.004,,1.5532,-1.8774,,,,,0.001,4.01,,,,66.83,173.28,,999.6,,,,,,,,,,,116506
2.1324,-9.1612,,,-9.7055,,-3.3389,-0.8928,,,,,0.001,0.23,,,,82.35,-133.52,,999.63,,,,,,,,,,,117007
2.1634,-10.5036,,,-9.002,,-1.5463,2.5884,,,,,0.001,-3.62,,,,66.58,-174.92,,999.49,,,,,,,,,,,117506
1.778,-10.1514,,,-9.4781,,-1.7562,1.7693,,,,,0.001,-4.72,,,,70.43,-165.26,,999.65,,,,,,,,,,,118007
1.6392,-9.6712,,,-9.7482,,-0.2054,0.9005,,,,,0.001,1.68,,,,83.56,108.52,,999.75,,,,,,,,,,,118506
-1.5159,-5.0445,,,-9.2998,,1.8284,-3.5705,,,,,0.001,-5.77,,,,71.44,-172.17,,999.66,,,,,,,,,,,119007
2.5659,-11.2901,,,-9.501,,-5.2232,1.6615,,,,,0.001,-3.55,,,,81.53,20.11,,999.73,,,,,,,,,,,119506
-2.9878,-13.5011,,,-9.569,,-0.059,15.5489,,,,,0.001,-2.22,,,,77.27,-166.75,,999.6,,,,,,,,,,,120007
2.1231,-9.887,,,-9.583,,-1.5043,-0.1544,,,,,0.001,-0.52,,,,86.38,-20.97,,999.78,,,,,,,,,,,120506
-3.3155,-1.7198,,,-8.9972,,1.77,-7.1019,,,,,0.001,6.73,,,,81.77,137.92,,999.53,,,,,,,,,,,121006
-0.5718,-10.8448,,,-9.7329,,1.7412,-0.5667,,,,,0.001,9.54,,,,84.68,159.69,,999.57,,,,,,,,,,,121507
-1.9513,-13.8029,,,-8.9123,,-0.4352,-3.5137,,,,,0.001,5.68,,,,75.7,159.18,,999.66,,,,,,,,,,,122007
-3.6337,-8.8394,,,-9.4632,,-2.3677,2.6278,,,,,0.001,-0.3,,,,70.22,-179.78,,999.76,,,,,,,,,,,122506
2.6317,-11.0894,,,-9.6679,,0.0142,1.1349,,,,,0.001,-0.48,,,,80.24,64.89,,999.64,,,,,,,,,,,123007
-4.1741,-5.7692,,,-9.2225,,-0.7661,1.378,,,,,0.001,18.2,,,,70.07,176.81,,999.69,,,,,,,,,,,123506
3.3213,-13.6754,,,-9.3958,,-5.8201,2.3051,,,,,0.001,12.93,,,,73.29,57.04,,999.66,,,,,,,,,,,124007
6.1767,-24.6106,,,-9.39,,2.5952,-4.2414,,,,,0.001,17.37,,,,66.48,-175.63,,999.6,,,,,,,,,,,124507
2.3288,-11.7865,,,-9.3385,,-5.1563,2.3629,,,,,0.001,10.4,,,,72.16,43.76,,999.84,,,,,,,,,,,125006
-3.8312,-3.4707,,,-9.3085,,-10.006,25.0616,,,,,0.001,-0.37,,,,65.75,-175.86,,999.66,,,,,,,,,,,125507
0.6582,-9.4641,,,-9.589,,-4.603,0.0462,,,,,0.001,-4.25,,,,77.81,42.95,,999.68,,,,,,,,,,,126006
-2.6585,-0.741,,,-8.9102,,2.6551,-7.9346,,,,,0.001,-3.55,,,,65.27,-178.49,,999.55,,,,,,,,,,,126507
1.7624,-9.3461,,,-9.7548,,0.2533,-2.0652,,,,,0.001,-1.67,,,,83.37,-171.42,,999.86,,,,,,,,,,,127006
-0.985,-4.2429,,,-8.8623,,2.1138,-6.0081,,,,,0.001,-0.36,,,,74.73,161.08,,999.54,,,,,,,,,,,127507
1.0777,-7.0554,,,-9.8028,,-1.422,-3.3815,,,,,0.001,3.18,,,,87.8,31.05,,999.71,,,,,,,,,,,128006
0.9723,-7.9978,,,-9.1794,,-1.5983,4.0061,,,,,0.001,9.59,,,,79.67,115.69,,999.35,,,,,,,,,,,128507
-4.7682,-11.7056,,,-9.799,,2.987,-3.1999,,,,,0.001,6.85,,,,73.97,-178.43,,999.84,,,,,,,,,,,129007
-0.4516,-12.3807,,,-9.4103,,-1.8257,4.2293,,,,,0.001,9.59,,,,72.11,54.37,,999.53,,,,,,,,,,,129507
-2.6452,-15.1638,,,-9.3637,,2.2506,-2.3648,,,,,0.001,8.87,,,,72.65,178.03,,999.77,,,,,,,,,,,130007
3.7134,-13.0289,,,-9.3468,,-6.1858,1.6435,,,,,0.001,4.24,,,,74.04,52.88,,999.51,,,,,,,,,,,130506
0.0693,-6.2325,,,-9.3274,,2.2169,-7.3655,,,,,0.001,17.1,,,,71.95,173.09,,999.56,,,,,,,,,,,131006
1.9844,-11.7512,,,-9.2363,,-6.197,3.1778,,,,,0.001,21.25,,,,70.31,59.17,,999.55,,,,,,,,,,,131507
5.7073,-25.2412,,,-9.4633,,-0.6729,-1.7887,,,,,0.001,14.44,,,,74.72,167.51,,999.37,,,,,,,,,,,132006
2.4764,-10.6301,,,-9.358,,-5.6502,1.454,,,,,0.001,13.56,,,,82.57,61.49,,999.69,,,,,,,,,,,132507
-3.6244,-0.8208,,,-9.0841,,3.1384,-6.8127,,,,,0.001,3.97,,,,67.82,176.2,,999.47,,,,,,,,,,,133006
0.7059,-8.5648,,,-9.6389,,-3.6412,-0.263,,,,,0.001,-5.96,,,,86.74,102.59,,999.76,,,,,,,,,,,133507
-1.9734,-2.6754,,,-8.8382,,2.3233,-6.3219,,,,,0.001,-5.01,,,,72.24,171.46,,999.5,,,,,,,,,,,134006
1.4887,-8.9211,,,-9.7262,,-1.9074,-2.6518,,,,,0.001,-0.1,,,,75.49,178.3,,999.7,,,,,,,,,,,134507
0.7607,-6.2891,,,-9.1126,,0.5809,-6.2074,,,,,0.001,-4.08,,,,68.27,176.73,,999.58,,,,,,,,,,,135007
2.233,-11.3298,,,-9.7671,,-2.4698,-0.0099,,,,,0.001,-10.18,,,,74.97,172.27,,999.72,,,,,,,,,,,135506
-0.3058,-12.4884,,,-9.4769,,1.7719,5.0933,,,,,0.001,-0.76,,,,70.38,62.91,,999.64,,,,,,,,,,,136006
-3.4051,-9.3535,,,-9.7163,,5.9202,-0.9278,,,,,0.001,-16.1,,,,74.83,170.51,,999.58,,,,,,,,,,,136506
2.6121,-13.45,,,-9.5221,,3.726,7.2005,,,,,0.001,-6.35,,,,71.16,68.12,,999.55,,,,,,,,,,,137007
3.686,-16.6441,,,-9.4342,,3.5208,11.328,,,,,0.001,-8.26,,,,68.52,174.38,,999.61,,,,,,,,,,,137507
0.6519,-10.5386,,,-9.3656,,-5.9121,1.1825,,,,,0.001,10.47,,,,80.47,49.13,,999.66,,,,,,,,,,,138007
-2.6375,-3.8587,,,-9.3872,,2.3988,-5.1435,,,,,0.001,-5.44,,,,73.12,173.94,,999.6,,,,,,,,,,,138506
2.6044,-9.0067,,,-9.6811,,-3.3422,0.4864,,,,,0.001,-6.52,,,,86.07,115.14,,999.57,,,,,,,,,,,139007
-0.4031,-6.1667,,,-9.0499,,2.6006,-4.8053,,,,,0.001,-4.33,,,,67.3,177.01,,999.38,,,,,,,,,,,139506
-0.1653,-8.7836,,,-9.7712,,-0.7996,-2.0442,,,,,0.001,4.44,,,,77.55,168.23,,999.65,,,,,,,,,,,140006
-0.3506,-12.0807,,,-9.4641,,-0.2105,3.5702,,,,,0.001,2.81,,,,74.74,154.36,,999.41,,,,,,,,,,,140507
-0.9095,-9.0501,,,-9.6047,,-0.5602,2.304,,,,,0.001,-8.14,,,,72.74,172.11,,999.75,,,,,,,,,,,141006
4.3578,-11.8678,,,-9.4597,,-6.3368,1.9985,,,,,0.001,-5.97,,,,74.24,68.09,,999.6,,,,,,,,,,,141507
-1.3357,-4.2013,,,-9.3827,,-1.638,1.4193,,,,,0.001,2.9,,,,73.85,173.91,,999.44,,,,,,,,,,,142006
0.5576,-11.1243,,,-9.2711,,-5.829,0.8767,,,,,0.001,6.79,,,,70.92,56,,999.68,,,,,,,,,,,142506
3.3738,-20.0184,,,-9.5756,,-8.3982,20.3663,,,,,0.001,1.57,,,,66.1,177.71,,999.45,,,,,,,,,,,143007
2.766,-10.2334,,,-9.383,,-3.7026,-0.4609,,,,,0.001,1.55,,,,83.92,168.17,,999.69,,,,,,,,,,,143507
0.4385,-6.7333,,,-9.1815,,2.2271,-5.3261,,,,,0.001,9.25,,,,69.63,178.41,,999.44,,,,,,,,,,,144006
0.8554,-10.0355,,,-9.6624,,-0.7692,-2.441,,,,,0.001,8.18,,,,87.05,119.32,,999.63,,,,,,,,,,,144507
-2.3389,-13.6614,,,-9.6649,,0.1986,-1.8673,,,,,0.001,27.56,,,,72.4,63.92,,999.62,,,,,,,,,,,145007
-3.7812,-8.2883,,,-9.1772,,0.898,0.8444,,,,,0.001,30.56,,,,70.04,172.78,,999.91,,,,,,,,,,,145507
1.3562,-10.3334,,,-9.7541,,-0.7716,1.481,,,,,0.001,-2.35,,,,83.88,169.33,,999.75,,,,,,,,,,,146006
-0.2563,-9.9594,,,-9.6889,,0.8534,4.5859,,,,,0.001,-19.03,,,,80.99,-172.68,,999.54,,,,,,,,,,,146507
0.7133,-9.8506,,,-9.7567,,-1.0277,0.0587,,,,,0.001,-27.93,,,,87.45,52.73,,999.65,,,,,,,,,,,147007
-2.4074,-14.0526,,,-9.5543,,2.583,2.132,,,,,0.001,-10.17,,,,78.58,95.3,,999.59,,,,,,,,,,,147507
-1.3424,-12.3255,,,-8.8939,,-0.4058,-1.6371,,,,,0.001,-9.37,,,,66.51,-166.45,,999.7,,,,,,,,,,,148006
1.0781,-9.3498,,,-9.6465,,-2.3566,4.6969,,,,,0.001,-3.32,,,,74.1,-172.7,,999.46,,,,,,,,,,,148507
-1.7962,-8.8946,,,-9.4462,,-1.0467,-1.7748,,,,,0.001,30.05,,,,71.08,151.28,,999.43,,,,,,,,,,,149006
-0.5566,-9.8175,,,-9.6407,,-1.4786,0.3478,,,,,0.001,31.82,,,,77.83,124.69,,999.58,,,,,,,,,,,149506
-2.0974,-9.7153,,,-9.5428,,-0.4418,0.156,,,,,0.001,34.68,,,,77.32,99.6,,999.61,,,,,,,,,,,150007
-1.774,-9.47,,,-9.5099,,-0.5522,0.0069,,,,,0.001,35.42,,,,75.45,104.19,,999.59,,,,,,,,,,,150506
-0.3539,-7.5294,,,-9.0231,,-1.4102,-1.4854,,,,,0.001,31.46,,,,69.03,143,,999.71,,,,,,,,,,,151007
0.6364,-8.6446,,,-9.756,,-1.8315,0.0101,,,,,0.001,14.24,,,,74.61,170.38,,999.59,,,,,,,,,,,151506
-0.9266,-8.7019,,,-8.857,,-0.9913,1.2274,,,,,0.001,3.88,,,,64.54,171.98,,999.42,,,,,,,,,,,152007
0.9068,-9.559,,,-9.3776,,-0.5622,-1.3094,,,,,0.001,-0.98,,,,72.92,-168.36,,999.63,,,,,,,,,,,152506
1.0673,-4.8988,,,-7.4679,,1.1857,-8.1633,,,,,0.001,4.16,,,,49.57,174.83,,999.56,,,,,,,,,,,153006
1.3581,-8.9244,,,-9.5854,,0.0726,-1.4609,,,,,0.001,2.84,,,,77.72,168.58,,999.57,,,,,,,,,,,153506
-0.0032,-14.4545,,,-9.6904,,-1.0839,7.7151,,,,,0.001,-4.12,,,,81.04,172.47,,999.55,,,,,,,,,,,154007
-1.3313,-5.7585,,,-9.2963,,-1.0302,0.876,,,,,0.001,-27.35,,,,49.84,174.69,,999.8,,,,,,,,,,,154506
-0.2374,-10.326,,,-7.748,,-0.7084,-0.912,,,,,0.001,-26.31,,,,68.89,169.35,,999.84,,,,,,,,,,,155006
-0.3373,-8.8869,,,-8.8985,,-0.1071,0.2246,,,,,0.001,-6.14,,,,65.11,175.46,,999.57,,,,,,,,,,,155506
-3.8308,-9.3211,,,-9.5915,,2.2127,2.4707,,,,,0.001,-11.58,,,,77.88,-174.33,,999.45,,,,,,,,,,,156007
-0.1786,-6.3288,,,-6.6917,,-0.9214,-0.8643,,,,,0.001,-4.96,,,,44.09,-177.32,,999.79,,,,,,,,,,,156507
0.3922,-10.2848,,,-6.5482,,-3.174,4.504,,,,,0.001,7.65,,,,41.87,169.36,,1000.16,,,,,,,,,,,157007
0.3212,-8.8233,,,-8.2203,,-1.3321,-0.572,,,,,0.001,9.39,,,,54.22,175.95,,999.92,,,,,,,,,,,157506
-6.188,-14.3309,,,-8.1519,,1.8121,-4.4411,,,,,0.001,14.5,,,,54.75,149.31,,999.89,,,,,,,,,,,158006
0.0486,-10.9033,,,-9.2743,,8.2349,-0.128,,,,,0.001,-11.73,,,,65.02,-155.75,,999.46,,,,,,,,,,,158507
3.4115,-11.8876,,,-9.8055,,-0.2465,2.0898,,,,,0.001,3.89,,,,74.73,-0.73,,999.66,,,,,,,,,,,159007
-1.1563,-9.6653,,,-9.5403,,1.6247,0.7801,,,,,0.001,-3.3,,,,76.53,-166.47,,999.65,,,,,,,,,,,159508
-1.5969,-10.5753,,,-9.0802,,-1.3348,-3.6965,,,,,0.001,15.26,,,,81.43,-158.23,,999.75,,,,,,,,,,,160007
0.7126,-10.7459,,,-9.6125,,-1.029,0.5661,,,,,0.001,25.93,,,,78.48,179.52,,999.76,,,,,,,,,,,160506
2.6909,-14.2111,,,-9.6339,,-1.0568,0.9653,,,,,0.001,6,,,,79.13,-149.24,,999.75,,,,,,,,,,,161006
-1.3934,-13.9544,,,-9.7371,,-1.236,4.2083,,,,,0.001,-3.91,,,,83.01,-173.12,,999.78,,,,,,,,,,,161507
2.7978,-4.7047,,,-9.7699,,-2.1845,-1.1913,,,,,0.001,6.88,,,,59.69,-175.58,,999.69,,,,,,,,,,,162007
-2.5405,-4.1903,,,-9.1723,,-0.7887,0.8628,,,,,0.001,20.91,,,,51.5,-171.39,,999.84,,,,,,,,,,,162507
2.813,-8.3861,,,-8.8558,,1.6481,-0.4121,,,,,0.001,14.78,,,,64.52,-106.62,,999.81,,,,,,,,,,,163006
8.1085,-2.917,,,-6.6118,,-1.7169,-6.1611,,,,,0.001,-30.79,,,,52.36,-124.22,,1000.09,,,,,,,,,,,163506
17.1091,-9.9822,,,-5.9488,,4.4592,12.0638,,,,,0.001,-39.53,,,,64.05,-59.81,,999.58,,,,,,,,,,,164006
1.8353,2.7337,,,2.4571,,2.8519,0.196,,,,,95.203,-17.28,,,,-21.45,-39.85,,999.85,,,,,,,,,,,164508
5.5205,-0.1093,,,5.1319,,4.0881,7.5983,,,,,95.203,-33.84,,,,-31.28,-46.86,,999.92,,,,,,,,,,,165007
9.974,8.4863,,,5.7681,,6.0663,-0.7463,,,,,95.203,-14.43,,,,-25.62,-35.71,,999.97,,,,,,,,,,,165506
-1.3228,6.1044,,,4.4499,,4.7924,-1.2622,,,,,38.259,-2.26,,,,-26.98,-16.63,,999.95,,,,,,,,,,,166006
4.7399,10.5347,,,7.6849,,-2.1157,2.38,,,,,38.259,2.57,,,,-47.96,-13.49,,999.95,,,,,,,,,,,166506
1.8223,5.1517,,,3.9261,,3.4755,3.635,,,,,24.023,-5.86,,,,-25.77,-27.18,,999.91,,,,,,,,,,,167006
4.2379,-0.2486,,,8.2206,,1.0991,9.109,,,,,30.252,-21.17,,,,-56.93,-70.69,,999.88,,,,,,,,,,,167506
4.4987,7.0052,,,5.5942,,7.6573,-0.0526,,,,,30.252,-33.28,,,,-34.77,-74.19,,999.88,,,,,,,,,,,168006
2.0151,-3.3549,,,8.4142,,5.5535,14.6884,,,,,21.354,-6.51,,,,-52.39,-48.32,,999.84,,,,,,,,,,,168506
14.3487,5.0701,,,1.3015,,-6.1731,-5.2852,,,,,31.141,-39.24,,,,-7.62,-87.33,,999.86,,,,,,,,,,,169006
10.2988,-1.6073,,,-6.417,,-2.6088,-4.9605,,,,,4.449,-36.73,,,,40.85,-86.47,,999.9,,,,,,,,,,,169506
4.4795,-2.0419,,,-2.447,,-0.3997,-1.5481,,,,,4.449,-15.32,,,,19.39,-125.08,,1000.26,,,,,,,,,,,170007
4.7255,-7.8393,,,-8.3608,,-0.4693,-1.9373,,,,,0.001,-6.87,,,,48.49,-103.03,,999.74,,,,,,,,,,,170507
8.4484,-11.4376,,,-8.8981,,0.15,-1.858,,,,,0.001,-2.4,,,,65.1,-110.78,,1000.1,,,,,,,,,,,171007
4.4828,-9.9933,,,-6.6128,,5.3781,-5.3741,,,,,0.001,9.49,,,,82.21,48.01,,999.76,,,,,,,,,,,171506
7.662,-6.652,,,-9.731,,-7.5673,-5.9507,,,,,0.001,23.11,,,,72.35,-108.88,,999.77,,,,,,,,,,,172007
7.9627,-21.8246,,,-9.2065,,0.8827,-4.6697,,,,,0.001,7.78,,,,50.62,-145.94,,999.79,,,,,,,,,,,172506
6.3791,-17.2618,,,-6.8282,,-6.4009,15.0187,,,,,0.001,-0.33,,,,77.44,-110,,999.58,,,,,,,,,,,173006
2.9321,-11.2655,,,-9.662,,-1.6631,4.5241,,,,,0.001,10,,,,67.59,-112.52,,999.82,,,,,,,,,,,173506
4.0659,-9.855,,,-5.8209,,4.1545,-3.6714,,,,,0.001,-29.33,,,,46.94,-126.91,,999.65,,,,,,,,,,,174006
1.7336,-4.2778,,,-7.5801,,2.0385,3.2768,,,,,0.001,-32.79,,,,38.05,-148.23,,1000.06,,,,,,,,,,,174507
2.3162,-8.831,,,-9.6901,,-4.2444,-1.2549,,,,,0.001,12.03,,,,81.03,32.13,,999.44,,,,,,,,,,,175006
-0.0132,-7.3584,,,-8.1491,,4.8287,-3.9003,,,,,0.001,-25.13,,,,74.59,-131.79,,999.57,,,,,,,,,,,175506
1.1683,-10.6073,,,-8.8103,,-0.719,2.3716,,,,,0.001,-31.63,,,,61.41,-137.64,,999.79,,,,,,,,,,,176007
2.0088,-9.9263,,,-9.6011,,-0.7494,-0.0487,,,,,0.001,-20.57,,,,78.15,-125.52,,999.5,,,,,,,,,,,176507
2.4867,-9.976,,,-8.9232,,1.902,1.263,,,,,0.001,-10.57,,,,78.54,-117.82,,999.61,,,,,,,,,,,177006
1.7546,-10.2128,,,-8.8261,,2.554,1.0525,,,,,0.001,3.35,,,,63.28,-140.25,,999.87,,,,,,,,,,,177507
3.0623,-11.2519,,,-9.7949,,-4.2858,2.9902,,,,,0.001,24.71,,,,86.59,-119.63,,999.51,,,,,,,,,,,178006
0.761,-9.3744,,,-8.7449,,1.9885,0.2354,,,,,0.001,-13.86,,,,63.05,-139.38,,999.5,,,,,,,,,,,178507
-1.6335,-9.1192,,,-9.8014,,-0.5181,-2.3911,,,,,0.001,-20.86,,,,74.8,-126.01,,999.65,,,,,,,,,,,179007
3.6202,-10.9901,,,-9.0285,,0.4885,1.1575,,,,,0.001,-34.62,,,,81.61,175.52,,999.45,,,,,,,,,,,179507
-2.6578,-8.0577,,,-9.4382,,8.8601,-3.7531,,,,,0.001,-30.27,,,,74.18,-108.14,,999.87,,,,,,,,,,,180006
-0.2059,-14.8465,,,-9.7857,,-8.664,2.3043,,,,,0.001,7.45,,,,78.45,45.38,,999.42,,,,,,,,,,,180506
13.6899,-20.0339,,,-9.016,,6.6455,-3.7731,,,,,0.001,-33.98,,,,65.73,-124.56,,999.66,,,,,,,,,,,181007
5.7968,-9.5002,,,-9.7674,,-8.2439,1.8722,,,,,0.001,8.18,,,,77.78,-27.97,,999.48,,,,,,,,,,,181506
9.6684,-14.5876,,,-9.0779,,5.3995,-4.3616,,,,,0.001,-28.04,,,,67.72,-131.44,,999.6,,,,,,,,,,,182007
4.6386,-9.088,,,-9.6521,,-5.5629,-1.2622,,,,,0.001,4.73,,,,80.2,-49.03,,999.51,,,,,,,,,,,182507
-3.304,-2.2551,,,-8.6243,,-5.2004,9.5301,,,,,0.001,-21.76,,,,61.54,-133.37,,999.58,,,,,,,,,,,183007
2.8267,-8.5034,,,-9.7256,,-7.3895,-1.031,,,,,0.001,5.35,,,,80.56,-84.84,,999.51,,,,,,,,,,,183508
-2.3053,-3.2064,,,-8.397,,6.7395,-6.3416,,,,,0.001,-24.59,,,,69.67,-131.39,,999.5,,,,,,,,,,,184006
-0.1338,-8.5269,,,-9.7235,,-0.766,-1.0196,,,,,0.001,1.72,,,,82.39,48.21,,999.56,,,,,,,,,,,184507
-1.2288,-4.9128,,,-8.5953,,6.8757,-6.4659,,,,,0.001,-26.43,,,,61.19,-139.47,,999.76,,,,,,,,,,,185006
1.2752,-7.9368,,,-9.7804,,-0.7324,-2.002,,,,,0.001,-21.33,,,,76,-126.38,,999.66,,,,,,,,,,,185507
1.7676,-8.4379,,,-8.8978,,-0.0836,-0.1915,,,,,0.001,-23.96,,,,83.29,160.07,,999.35,,,,,,,,,,,186006
1.698,-8.728,,,-9.794,,-0.8489,1.2857,,,,,0.001,3.81,,,,73.05,-128.21,,999.65,,,,,,,,,,,186506
3.3461,-10.1433,,,-9.0336,,1.1063,-1.3846,,,,,0.001,-3.8,,,,85.81,136.64,,999.09,,,,,,,,,,,187007
2.5197,-10.0348,,,-9.7079,,-1.7215,0.9184,,,,,0.001,-21.57,,,,68.65,-140.16,,1000.58,,,,,,,,,,,187506
3.1071,-11.9961,,,-9.1443,,0.5811,4.3755,,,,,0.001,-24.55,,,,82.58,128.9,,999.49,,,,,,,,,,,188007
-0.008,-10.8706,,,-9.72,,5.7188,6.5379,,,,,0.001,-17.08,,,,70.6,-132.74,,1000.6,,,,,,,,,,,188507
5.431,-11.8913,,,-9.5486,,0.7729,4.6426,,,,,0.001,7.99,,,,76.74,77.99,,999.97,,,,,,,,,,,189006
-1.6394,-4.7305,,,-9.0983,,7.9037,6.1316,,,,,0.001,-13.06,,,,68.04,-138.38,,1000.29,,,,,,,,,,,189508
4.4765,-13.5831,,,-9.2222,,-9.0455,3.4531,,,,,0.001,21.31,,,,70.06,76.86,,999.75,,,,,,,,,,,190007
5.5497,-13.8761,,,-9.1734,,0.6299,1.7004,,,,,0.001,-39.87,,,,65.77,-144.25,,1000.32,,,,,,,,,,,190506
2.5633,-12.0796,,,-9.2313,,-8.4195,1.4114,,,,,0.001,-7.54,,,,70.22,74.03,,999.85,,,,,,,,,,,191007
13.5985,-21.5293,,,-9.4215,,2.5033,-2.295,,,,,0.001,-34.7,,,,65.09,-144.78,,999.65,,,,,,,,,,,191506
1.9034,-11.0206,,,-9.2336,,-5.052,2.8615,,,,,0.001,-5.22,,,,78.2,58.93,,999.8,,,,,,,,,,,192007
10.56,-16.4952,,,-9.5088,,4.2731,-10.2377,,,,,0.001,-21.07,,,,65,-140.8,,999.61,,,,,,,,,,,192507
4.7458,-9.6421,,,-9.3512,,-7.0741,2.3425,,,,,0.001,-5.64,,,,72.41,61.61,,999.3,,,,,,,,,,,193006
-3.2822,-3.598,,,-9.4622,,4.6357,-5.4813,,,,,0.001,-24.86,,,,67.87,-151.47,,999.52,,,,,,,,,,,193506
1.4787,-9.4678,,,-9.2664,,-3.5841,-0.2738,,,,,0.001,-12.47,,,,81.28,74.39,,999.52,,,,,,,,,,,194007
-3.5501,-1.893,,,-9.0156,,2.7282,-4.3758,,,,,0.001,-12.77,,,,72.23,-159.15,,999.2,,,,,,,,,,,194507
1.8453,-9.3608,,,-9.6661,,-3.1913,0.3036,,,,,0.001,1.11,,,,80.18,58.27,,999.61,,,,,,,,,,,195006
-1.4962,-4.162,,,-9.0027,,1.4988,-3.7412,,,,,0.001,0.65,,,,73.37,86.27,,999.45,,,,,,,,,,,195506
-2.161,-8.8431,,,-9.7647,,-3.1919,2.4036,,,,,0.001,7.22,,,,81.64,-162.6,,999.75,,,,,,,,,,,196006
-3.6037,-16.2838,,,-9.6163,,1.1688,-2.1207,,,,,0.001,-3.49,,,,78.59,138.45,,999.51,,,,,,,,,,,196507
-3.5083,-10.2484,,,-9.5635,,-1.2939,3.0531,,,,,0.001,-11.8,,,,77.13,-148.9,,999.93,,,,,,,,,,,197007
3.9879,-10.1716,,,-9.5096,,0.0777,5.3966,,,,,0.001,3.13,,,,75.78,91.28,,999.45,,,,,,,,,,,197506
-2.0293,-5.6721,,,-9.5036,,3.0237,-2.2762,,,,,0.001,-15.04,,,,75.64,-152.33,,999.68,,,,,,,,,,,198006
2.2552,-10.6073,,,-9.3722,,-8.0996,1.6237,,,,,0.001,8.86,,,,78.33,64.71,,999.48,,,,,,,,,,,198506
1.7872,-10.9426,,,-9.6348,,-15.9967,14.4843,,,,,0.001,-18.42,,,,79.15,-161.94,,999.54,,,,,,,,,,,199007
3.912,-8.8975,,,-9.4657,,-7.1355,-1.2997,,,,,0.001,1.57,,,,74.78,61.62,,999.48,,,,,,,,,,,199507
2.9739,-4.9514,,,-6.5793,,1.9215,-2.7243,,,,,0.001,-27.93,,,,66.54,-127.27,,999.47,,,,,,,,,,,200006
4.579,-7.1797,,,-8.4508,,-1.928,-2.2003,,,,,0.001,-29.96,,,,59.48,-97.02,,999.47,,,,,,,,,,,200506
3.1897,-8.2283,,,-8.8506,,0.7903,1.0189,,,,,0.001,-28.99,,,,76.53,-84.71,,999.5,,,,,,,,,,,201007
4.5711,-12.9092,,,-9.6374,,-4.729,7.9869,,,,,0.001,-31.32,,,,71.51,-129.08,,999.54,,,,,,,,,,,201506
3.471,-11.272,,,-9.7406,,-2.2409,-0.9849,,,,,0.001,-26.27,,,,83.18,-30.89,,999.45,,,,,,,,,,,202006
-0.8042,-9.6432,,,-9.702,,-0.4535,-0.2155,,,,,0.001,-18.47,,,,73.42,-150.9,,999.58,,,,,,,,,,,202506
0.2634,-10.4761,,,-9.7629,,-0.1837,-2.4019,,,,,0.001,-16.6,,,,85.33,-106.22,,999.64,,,,,,,,,,,203006
4.0998,-9.452,,,-9.6488,,-3.6653,-0.3042,,,,,0.001,-11.8,,,,80.71,3.29,,999.46,,,,,,,,,,,203507
1.4921,-6.7382,,,-8.7851,,5.0961,-5.8932,,,,,0.001,-11.88,,,,63.58,-134.41,,999.63,,,,,,,,,,,204006
2.9012,-9.213,,,-9.7975,,-4.3672,-0.3159,,,,,0.001,0.54,,,,87.11,-60.88,,999.46,,,,,,,,,,,204506
4.3318,-8.0718,,,-8.5687,,5.1395,-3.7993,,,,,0.001,-16.04,,,,60.86,-140.61,,999.55,,,,,,,,,,,205007
3.7716,-11.2158,,,-9.6406,,-1.4353,-1.0882,,,,,0.001,-15.41,,,,69.9,-132.13,,999.52,,,,,,,,,,,205506
6.0438,-10.7904,,,-9.1421,,4.2885,7.2804,,,,,0.001,-13.92,,,,86.5,137.11,,999.29,,,,,,,,,,,206007
2.0716,-14.1269,,,-9.5238,,-1.9579,1.1602,,,,,0.001,-8.77,,,,76.13,-128.87,,999.65,,,,,,,,,,,206507
4.9041,-5.432,,,-7.7931,,-6.9195,-3.7159,,,,,0.001,15.1,,,,63.48,-19.77,,999.54,,,,,,,,,,,207006
13.4353,-2.0406,,,1.4221,,-13.3468,3.2009,,,,,0.787,18.84,,,,0.82,-11.28,,999.39,,,,,,,,,,,207506
-0.3029,3.9297,,,1.5417,,-0.0861,-2.4307,,,,,49.826,20.27,,,,-8.99,1.47,,999.41,,,,,,,,,,,208006
-0.3786,3.4254,,,2.0167,,1.2776,-0.9683,,,,,31.141,8.75,,,,-10.06,-4.41,,999.47,,,,,,,,,,,208506
-1.3693,4.2189,,,3.2428,,-0.3116,-1.6306,,,,,31.141,11.49,,,,-14.7,-1.98,,999.49,,,,,,,,,,,209006
-1.6855,5.3768,,,4.5995,,0.2738,-0.201,,,,,28.472,12.05,,,,-29.21,6.56,,999.5,,,,,,,,,,,209506
-1.1132,3.3573,,,3.1451,,0.312,-0.9268,,,,,36.48,10.48,,,,-18.97,5.95,,999.51,,,,,,,,,,,210006
1.3154,3.2557,,,2.7599,,0.2949,1.1299,,,,,36.48,2.35,,,,-18.85,-6.09,,999.52,,,,,,,,,,,210507
-0.7982,2.9294,,,3.0075,,0.8185,-0.4011,,,,,89.865,12.41,,,,-17.61,2.4,,999.52,,,,,,,,,,,211006
0.7419,2.9318,,,3.1977,,-0.1351,-0.9316,,,,,409.285,6.88,,,,-17.57,-0.95,,999.51,,,,,,,,,,,211506
-1.2707,3.3071,,,3.0126,,0.7672,-0.1621,,,,,457.332,11.38,,,,-17.88,1.31,,999.5,,,,,,,,,,,212006
,,,,,,,,,,,,,,,,,,,,,,,,,,,,,,,
,,,,,,,,,,,,,,,,,,,,,,,,,,,,,,,
